[{"age_group":"","contributions":1358,"hours_contributed":1.046,"hours_validated":0.228,"speakers":17,"language":"Hindi"},{"age_group":"","contributions":64,"hours_contributed":0.049,"hours_validated":0.015,"speakers":5,"language":"Marathi"},{"age_group":"30 - 60","contributions":11,"hours_contributed":0.028,"hours_validated":0.000,"speakers":5,"language":"Hindi"},{"age_group":"upto 10","contributions":4,"hours_contributed":0.004,"hours_validated":0.000,"speakers":2,"language":"Marathi"},{"age_group":"upto 10","contributions":3,"hours_contributed":0.003,"hours_validated":0.000,"speakers":1,"language":"Hindi"},{"age_group":"ANONYMOUS","contributions":1,"hours_contributed":0.000,"hours_validated":0.000,"speakers":1,"language":"testLang"}]
