[{"state":"","language":"English","total_speakers":7,"total_contributions":0.000,"total_validations":0.000,"total_contribution_count":2,"total_validation_count":6,"type":"asr"},{"state":"","language":"Hindi","total_speakers":2,"total_contributions":0.000,"total_validations":0.002,"total_contribution_count":1,"total_validation_count":2,"type":"text"},{"state":"Andhra Pradesh","language":"Hindi","total_speakers":1,"total_contributions":null,"total_validations":0.004,"total_contribution_count":null,"total_validation_count":5,"type":"text"},{"state":"ANONYMOUS","language":"Hindi","total_speakers":0,"total_contributions":null,"total_validations":0.000,"total_contribution_count":null,"total_validation_count":0,"type":"ocr"},{"state":"ANONYMOUS","language":"Hindi","total_speakers":0,"total_contributions":null,"total_validations":0.000,"total_contribution_count":null,"total_validation_count":0,"type":"text"},{"state":"ANONYMOUS","language":"Marathi","total_speakers":0,"total_contributions":null,"total_validations":0.000,"total_contribution_count":null,"total_validation_count":0,"type":"text"},{"state":"ANONYMOUS","language":"Odia","total_speakers":0,"total_contributions":null,"total_validations":0.000,"total_contribution_count":null,"total_validation_count":0,"type":"asr"},{"state":"ANONYMOUS","language":"testLang","total_speakers":1,"total_contributions":0.000,"total_validations":0.000,"total_contribution_count":1,"total_validation_count":0,"type":"asr"},{"state":"ANONYMOUS","language":"testLang","total_speakers":1,"total_contributions":0.000,"total_validations":0.000,"total_contribution_count":1,"total_validation_count":0,"type":"ocr"},{"state":"ANONYMOUS","language":"testLang","total_speakers":1,"total_contributions":0.000,"total_validations":0.000,"total_contribution_count":1,"total_validation_count":0,"type":"text"},{"state":"ANONYMOUS","language":"testLang-testLang2","total_speakers":1,"total_contributions":0.000,"total_validations":0.000,"total_contribution_count":1,"total_validation_count":0,"type":"parallel"},{"state":"Haryana","language":"Hindi","total_speakers":3,"total_contributions":0.000,"total_validations":0.000,"total_contribution_count":2,"total_validation_count":17,"type":"ocr"},{"state":"Jharkhand","language":"Hindi","total_speakers":1,"total_contributions":null,"total_validations":0.005,"total_contribution_count":null,"total_validation_count":5,"type":"text"},{"state":"Jharkhand","language":"Marathi","total_speakers":1,"total_contributions":null,"total_validations":0.004,"total_contribution_count":null,"total_validation_count":5,"type":"text"},{"state":"Maharashtra","language":"English-Hindi","total_speakers":1,"total_contributions":0.000,"total_validations":null,"total_contribution_count":2,"total_validation_count":null,"type":"parallel"},{"state":"Maharashtra","language":"English-Kannada","total_speakers":1,"total_contributions":null,"total_validations":0.000,"total_contribution_count":null,"total_validation_count":1,"type":"parallel"},{"state":"Maharashtra","language":"Hindi","total_speakers":1,"total_contributions":0.000,"total_validations":0.000,"total_contribution_count":4,"total_validation_count":6,"type":"ocr"},{"state":"Maharashtra","language":"Hindi","total_speakers":3,"total_contributions":0.009,"total_validations":0.002,"total_contribution_count":5,"total_validation_count":3,"type":"text"},{"state":"Maharashtra","language":"Marathi","total_speakers":2,"total_contributions":0.001,"total_validations":0.000,"total_contribution_count":1,"total_validation_count":0,"type":"text"},{"state":"National Capital Territory of Delhi","language":"English-Assamese","total_speakers":8,"total_contributions":0.000,"total_validations":0.000,"total_contribution_count":2,"total_validation_count":7,"type":"parallel"},{"state":"National Capital Territory of Delhi","language":"English-Bengali","total_speakers":4,"total_contributions":0.000,"total_validations":0.000,"total_contribution_count":2,"total_validation_count":6,"type":"parallel"},{"state":"National Capital Territory of Delhi","language":"English-Gujarati","total_speakers":5,"total_contributions":0.000,"total_validations":0.000,"total_contribution_count":2,"total_validation_count":6,"type":"parallel"},{"state":"National Capital Territory of Delhi","language":"English-Hindi","total_speakers":3,"total_contributions":null,"total_validations":0.000,"total_contribution_count":null,"total_validation_count":6,"type":"parallel"},{"state":"National Capital Territory of Delhi","language":"English-Kannada","total_speakers":1,"total_contributions":null,"total_validations":0.000,"total_contribution_count":null,"total_validation_count":2,"type":"parallel"},{"state":"National Capital Territory of Delhi","language":"English-Malayalam","total_speakers":2,"total_contributions":0.000,"total_validations":0.000,"total_contribution_count":2,"total_validation_count":2,"type":"parallel"},{"state":"National Capital Territory of Delhi","language":"English-Marathi","total_speakers":1,"total_contributions":0.000,"total_validations":null,"total_contribution_count":2,"total_validation_count":null,"type":"parallel"},{"state":"National Capital Territory of Delhi","language":"English-Odia","total_speakers":2,"total_contributions":0.000,"total_validations":0.000,"total_contribution_count":1,"total_validation_count":1,"type":"parallel"},{"state":"National Capital Territory of Delhi","language":"English-Punjabi","total_speakers":4,"total_contributions":0.000,"total_validations":0.000,"total_contribution_count":1,"total_validation_count":6,"type":"parallel"},{"state":"National Capital Territory of Delhi","language":"Hindi","total_speakers":38,"total_contributions":0.000,"total_validations":0.000,"total_contribution_count":65,"total_validation_count":253,"type":"ocr"},{"state":"National Capital Territory of Delhi","language":"Hindi","total_speakers":25,"total_contributions":0.056,"total_validations":0.030,"total_contribution_count":69,"total_validation_count":35,"type":"text"},{"state":"National Capital Territory of Delhi","language":"Marathi","total_speakers":10,"total_contributions":0.008,"total_validations":0.011,"total_contribution_count":12,"total_validation_count":15,"type":"text"},{"state":"National Capital Territory of Delhi","language":"Odia","total_speakers":1,"total_contributions":0.000,"total_validations":null,"total_contribution_count":1,"total_validation_count":null,"type":"asr"},{"state":"Punjab","language":"English-Assamese","total_speakers":3,"total_contributions":0.000,"total_validations":0.000,"total_contribution_count":1,"total_validation_count":1,"type":"parallel"},{"state":"Punjab","language":"English-Kannada","total_speakers":1,"total_contributions":0.000,"total_validations":null,"total_contribution_count":2,"total_validation_count":null,"type":"parallel"},{"state":"Punjab","language":"English-Punjabi","total_speakers":1,"total_contributions":0.000,"total_validations":null,"total_contribution_count":1,"total_validation_count":null,"type":"parallel"},{"state":"Punjab","language":"Hindi","total_speakers":7,"total_contributions":0.017,"total_validations":0.001,"total_contribution_count":18,"total_validation_count":1,"type":"text"},{"state":"Tamil Nadu","language":"English-Marathi","total_speakers":1,"total_contributions":null,"total_validations":0.000,"total_contribution_count":null,"total_validation_count":2,"type":"parallel"},{"state":"Tamil Nadu","language":"Hindi","total_speakers":6,"total_contributions":0.000,"total_validations":0.000,"total_contribution_count":13,"total_validation_count":3,"type":"ocr"},{"state":"Tamil Nadu","language":"Hindi","total_speakers":11,"total_contributions":0.012,"total_validations":0.007,"total_contribution_count":14,"total_validation_count":10,"type":"text"},{"state":"Tamil Nadu","language":"Marathi","total_speakers":4,"total_contributions":0.003,"total_validations":0.000,"total_contribution_count":3,"total_validation_count":0,"type":"text"},{"state":"Uttar Pradesh","language":"English","total_speakers":1,"total_contributions":null,"total_validations":0.000,"total_contribution_count":null,"total_validation_count":0,"type":"asr"},{"state":"Uttar Pradesh","language":"English-Assamese","total_speakers":1,"total_contributions":null,"total_validations":0.000,"total_contribution_count":null,"total_validation_count":1,"type":"parallel"},{"state":"Uttar Pradesh","language":"Hindi","total_speakers":3,"total_contributions":0.000,"total_validations":0.000,"total_contribution_count":1,"total_validation_count":27,"type":"ocr"},{"state":"Uttar Pradesh","language":"Hindi","total_speakers":4,"total_contributions":0.016,"total_validations":null,"total_contribution_count":19,"total_validation_count":null,"type":"text"},{"state":"Virginia","language":"Hindi","total_speakers":224,"total_contributions":null,"total_validations":0.176,"total_contribution_count":null,"total_validation_count":224,"type":"text"}]
