[{"state":"","total_speakers":7,"total_contributions":0.000,"total_validations":0.000,"total_contribution_count":2,"total_validation_count":6,"type":"asr"},{"state":"","total_speakers":2,"total_contributions":0.000,"total_validations":0.002,"total_contribution_count":1,"total_validation_count":2,"type":"text"},{"state":"Andhra Pradesh","total_speakers":1,"total_contributions":null,"total_validations":0.004,"total_contribution_count":null,"total_validation_count":5,"type":"text"},{"state":"ANONYMOUS","total_speakers":1,"total_contributions":0.000,"total_validations":0.000,"total_contribution_count":1,"total_validation_count":0,"type":"asr"},{"state":"ANONYMOUS","total_speakers":1,"total_contributions":0.000,"total_validations":0.000,"total_contribution_count":1,"total_validation_count":0,"type":"ocr"},{"state":"ANONYMOUS","total_speakers":1,"total_contributions":0.000,"total_validations":0.000,"total_contribution_count":1,"total_validation_count":0,"type":"parallel"},{"state":"ANONYMOUS","total_speakers":1,"total_contributions":0.000,"total_validations":0.000,"total_contribution_count":1,"total_validation_count":0,"type":"text"},{"state":"Haryana","total_speakers":3,"total_contributions":0.000,"total_validations":0.000,"total_contribution_count":2,"total_validation_count":17,"type":"ocr"},{"state":"Jharkhand","total_speakers":2,"total_contributions":null,"total_validations":0.009,"total_contribution_count":null,"total_validation_count":10,"type":"text"},{"state":"Maharashtra","total_speakers":1,"total_contributions":0.000,"total_validations":0.000,"total_contribution_count":4,"total_validation_count":6,"type":"ocr"},{"state":"Maharashtra","total_speakers":1,"total_contributions":0.000,"total_validations":0.000,"total_contribution_count":2,"total_validation_count":1,"type":"parallel"},{"state":"Maharashtra","total_speakers":5,"total_contributions":0.011,"total_validations":0.002,"total_contribution_count":6,"total_validation_count":3,"type":"text"},{"state":"National Capital Territory of Delhi","total_speakers":1,"total_contributions":0.000,"total_validations":null,"total_contribution_count":1,"total_validation_count":null,"type":"asr"},{"state":"National Capital Territory of Delhi","total_speakers":38,"total_contributions":0.000,"total_validations":0.000,"total_contribution_count":65,"total_validation_count":253,"type":"ocr"},{"state":"National Capital Territory of Delhi","total_speakers":16,"total_contributions":0.000,"total_validations":0.000,"total_contribution_count":12,"total_validation_count":36,"type":"parallel"},{"state":"National Capital Territory of Delhi","total_speakers":34,"total_contributions":0.063,"total_validations":0.041,"total_contribution_count":81,"total_validation_count":50,"type":"text"},{"state":"Punjab","total_speakers":3,"total_contributions":0.000,"total_validations":0.000,"total_contribution_count":4,"total_validation_count":1,"type":"parallel"},{"state":"Punjab","total_speakers":7,"total_contributions":0.017,"total_validations":0.001,"total_contribution_count":18,"total_validation_count":1,"type":"text"},{"state":"Tamil Nadu","total_speakers":6,"total_contributions":0.000,"total_validations":0.000,"total_contribution_count":13,"total_validation_count":3,"type":"ocr"},{"state":"Tamil Nadu","total_speakers":1,"total_contributions":null,"total_validations":0.000,"total_contribution_count":null,"total_validation_count":2,"type":"parallel"},{"state":"Tamil Nadu","total_speakers":14,"total_contributions":0.015,"total_validations":0.007,"total_contribution_count":17,"total_validation_count":10,"type":"text"},{"state":"Uttar Pradesh","total_speakers":1,"total_contributions":null,"total_validations":0.000,"total_contribution_count":null,"total_validation_count":0,"type":"asr"},{"state":"Uttar Pradesh","total_speakers":3,"total_contributions":0.000,"total_validations":0.000,"total_contribution_count":1,"total_validation_count":27,"type":"ocr"},{"state":"Uttar Pradesh","total_speakers":1,"total_contributions":null,"total_validations":0.000,"total_contribution_count":null,"total_validation_count":1,"type":"parallel"},{"state":"Uttar Pradesh","total_speakers":4,"total_contributions":0.016,"total_validations":null,"total_contribution_count":19,"total_validation_count":null,"type":"text"},{"state":"Virginia","total_speakers":224,"total_contributions":null,"total_validations":0.176,"total_contribution_count":null,"total_validation_count":224,"type":"text"}]
