[{"total_languages":3,"total_contributions":0.000,"total_validations":0.000,"total_contribution_count":4,"total_validation_count":6,"type":"asr"},{"total_languages":2,"total_contributions":0.000,"total_validations":0.000,"total_contribution_count":86,"total_validation_count":306,"type":"ocr"},{"total_languages":10,"total_contributions":0.000,"total_validations":0.000,"total_contribution_count":19,"total_validation_count":41,"type":"parallel"},{"total_languages":3,"total_contributions":0.122,"total_validations":0.243,"total_contribution_count":143,"total_validation_count":305,"type":"text"}]
