[{"language":"English","total_speakers":8,"total_contributions":0.000,"total_validations":0.000,"total_contribution_count":2,"total_validation_count":6,"type":"asr"},{"language":"English-Assamese","total_speakers":12,"total_contributions":0.000,"total_validations":0.000,"total_contribution_count":3,"total_validation_count":9,"type":"parallel"},{"language":"English-Bengali","total_speakers":4,"total_contributions":0.000,"total_validations":0.000,"total_contribution_count":2,"total_validation_count":6,"type":"parallel"},{"language":"English-Gujarati","total_speakers":5,"total_contributions":0.000,"total_validations":0.000,"total_contribution_count":2,"total_validation_count":6,"type":"parallel"},{"language":"English-Hindi","total_speakers":4,"total_contributions":0.000,"total_validations":0.000,"total_contribution_count":2,"total_validation_count":6,"type":"parallel"},{"language":"English-Kannada","total_speakers":3,"total_contributions":0.000,"total_validations":0.000,"total_contribution_count":2,"total_validation_count":3,"type":"parallel"},{"language":"English-Malayalam","total_speakers":2,"total_contributions":0.000,"total_validations":0.000,"total_contribution_count":2,"total_validation_count":2,"type":"parallel"},{"language":"English-Marathi","total_speakers":2,"total_contributions":0.000,"total_validations":0.000,"total_contribution_count":2,"total_validation_count":2,"type":"parallel"},{"language":"English-Odia","total_speakers":2,"total_contributions":0.000,"total_validations":0.000,"total_contribution_count":1,"total_validation_count":1,"type":"parallel"},{"language":"English-Punjabi","total_speakers":5,"total_contributions":0.000,"total_validations":0.000,"total_contribution_count":2,"total_validation_count":6,"type":"parallel"},{"language":"Hindi","total_speakers":51,"total_contributions":0.000,"total_validations":0.000,"total_contribution_count":85,"total_validation_count":306,"type":"ocr"},{"language":"Hindi","total_speakers":277,"total_contributions":0.110,"total_validations":0.228,"total_contribution_count":126,"total_validation_count":285,"type":"text"},{"language":"Marathi","total_speakers":17,"total_contributions":0.012,"total_validations":0.015,"total_contribution_count":16,"total_validation_count":20,"type":"text"},{"language":"Odia","total_speakers":1,"total_contributions":0.000,"total_validations":0.000,"total_contribution_count":1,"total_validation_count":0,"type":"asr"},{"language":"testLang","total_speakers":1,"total_contributions":0.000,"total_validations":0.000,"total_contribution_count":1,"total_validation_count":0,"type":"asr"},{"language":"testLang","total_speakers":1,"total_contributions":0.000,"total_validations":0.000,"total_contribution_count":1,"total_validation_count":0,"type":"ocr"},{"language":"testLang","total_speakers":1,"total_contributions":0.000,"total_validations":0.000,"total_contribution_count":1,"total_validation_count":0,"type":"text"},{"language":"testLang-testLang2","total_speakers":1,"total_contributions":0.000,"total_validations":0.000,"total_contribution_count":1,"total_validation_count":0,"type":"parallel"}]
