[{"day":11,"month":8,"year":2021,"language":"English","cumulative_contributions":0.000,"cumulative_validations":0.000,"total_contribution_count":2,"total_validation_count":6,"type":"asr"},{"day":27,"month":7,"year":2021,"language":"English-Assamese","cumulative_contributions":0.000,"cumulative_validations":0.000,"total_contribution_count":2,"total_validation_count":6,"type":"parallel"},{"day":28,"month":7,"year":2021,"language":"English-Assamese","cumulative_contributions":0.000,"cumulative_validations":0.000,"total_contribution_count":3,"total_validation_count":9,"type":"parallel"},{"day":27,"month":7,"year":2021,"language":"English-Bengali","cumulative_contributions":0.000,"cumulative_validations":0.000,"total_contribution_count":2,"total_validation_count":6,"type":"parallel"},{"day":28,"month":7,"year":2021,"language":"English-Gujarati","cumulative_contributions":0.000,"cumulative_validations":0.000,"total_contribution_count":2,"total_validation_count":6,"type":"parallel"},{"day":27,"month":7,"year":2021,"language":"English-Hindi","cumulative_contributions":0.000,"cumulative_validations":0.000,"total_contribution_count":2,"total_validation_count":6,"type":"parallel"},{"day":30,"month":7,"year":2021,"language":"English-Kannada","cumulative_contributions":0.000,"cumulative_validations":0.000,"total_contribution_count":2,"total_validation_count":3,"type":"parallel"},{"day":30,"month":7,"year":2021,"language":"English-Malayalam","cumulative_contributions":0.000,"cumulative_validations":0.000,"total_contribution_count":2,"total_validation_count":2,"type":"parallel"},{"day":2,"month":8,"year":2021,"language":"English-Marathi","cumulative_contributions":0.000,"cumulative_validations":0.000,"total_contribution_count":2,"total_validation_count":2,"type":"parallel"},{"day":27,"month":7,"year":2021,"language":"English-Odia","cumulative_contributions":0.000,"cumulative_validations":0.000,"total_contribution_count":1,"total_validation_count":1,"type":"parallel"},{"day":27,"month":7,"year":2021,"language":"English-Punjabi","cumulative_contributions":0.000,"cumulative_validations":0.000,"total_contribution_count":2,"total_validation_count":6,"type":"parallel"},{"day":19,"month":7,"year":2021,"language":"Hindi","cumulative_contributions":null,"cumulative_validations":0.000,"total_contribution_count":0,"total_validation_count":306,"type":"ocr"},{"day":20,"month":7,"year":2021,"language":"Hindi","cumulative_contributions":0.000,"cumulative_validations":0.000,"total_contribution_count":2,"total_validation_count":306,"type":"ocr"},{"day":21,"month":7,"year":2021,"language":"Hindi","cumulative_contributions":0.000,"cumulative_validations":0.000,"total_contribution_count":7,"total_validation_count":306,"type":"ocr"},{"day":27,"month":7,"year":2021,"language":"Hindi","cumulative_contributions":0.000,"cumulative_validations":0.000,"total_contribution_count":17,"total_validation_count":306,"type":"ocr"},{"day":28,"month":7,"year":2021,"language":"Hindi","cumulative_contributions":0.000,"cumulative_validations":0.000,"total_contribution_count":37,"total_validation_count":306,"type":"ocr"},{"day":2,"month":8,"year":2021,"language":"Hindi","cumulative_contributions":0.000,"cumulative_validations":0.000,"total_contribution_count":42,"total_validation_count":306,"type":"ocr"},{"day":3,"month":8,"year":2021,"language":"Hindi","cumulative_contributions":0.000,"cumulative_validations":0.000,"total_contribution_count":43,"total_validation_count":306,"type":"ocr"},{"day":4,"month":8,"year":2021,"language":"Hindi","cumulative_contributions":0.000,"cumulative_validations":0.000,"total_contribution_count":44,"total_validation_count":306,"type":"ocr"},{"day":6,"month":8,"year":2021,"language":"Hindi","cumulative_contributions":0.000,"cumulative_validations":0.000,"total_contribution_count":47,"total_validation_count":306,"type":"ocr"},{"day":12,"month":8,"year":2021,"language":"Hindi","cumulative_contributions":0.000,"cumulative_validations":0.000,"total_contribution_count":49,"total_validation_count":306,"type":"ocr"},{"day":13,"month":8,"year":2021,"language":"Hindi","cumulative_contributions":0.000,"cumulative_validations":0.000,"total_contribution_count":53,"total_validation_count":306,"type":"ocr"},{"day":16,"month":8,"year":2021,"language":"Hindi","cumulative_contributions":0.000,"cumulative_validations":0.000,"total_contribution_count":61,"total_validation_count":306,"type":"ocr"},{"day":17,"month":8,"year":2021,"language":"Hindi","cumulative_contributions":0.000,"cumulative_validations":0.000,"total_contribution_count":71,"total_validation_count":306,"type":"ocr"},{"day":18,"month":8,"year":2021,"language":"Hindi","cumulative_contributions":0.000,"cumulative_validations":0.000,"total_contribution_count":72,"total_validation_count":306,"type":"ocr"},{"day":23,"month":8,"year":2021,"language":"Hindi","cumulative_contributions":0.000,"cumulative_validations":0.000,"total_contribution_count":73,"total_validation_count":306,"type":"ocr"},{"day":6,"month":9,"year":2021,"language":"Hindi","cumulative_contributions":0.000,"cumulative_validations":0.000,"total_contribution_count":85,"total_validation_count":306,"type":"ocr"},{"day":22,"month":7,"year":2021,"language":"Hindi","cumulative_contributions":0.016,"cumulative_validations":0.083,"total_contribution_count":22,"total_validation_count":112,"type":"text"},{"day":23,"month":7,"year":2021,"language":"Hindi","cumulative_contributions":0.028,"cumulative_validations":0.139,"total_contribution_count":37,"total_validation_count":187,"type":"text"},{"day":28,"month":7,"year":2021,"language":"Hindi","cumulative_contributions":0.049,"cumulative_validations":0.157,"total_contribution_count":50,"total_validation_count":190,"type":"text"},{"day":29,"month":7,"year":2021,"language":"Hindi","cumulative_contributions":0.061,"cumulative_validations":0.161,"total_contribution_count":66,"total_validation_count":196,"type":"text"},{"day":30,"month":7,"year":2021,"language":"Hindi","cumulative_contributions":0.065,"cumulative_validations":0.163,"total_contribution_count":71,"total_validation_count":199,"type":"text"},{"day":2,"month":8,"year":2021,"language":"Hindi","cumulative_contributions":0.088,"cumulative_validations":0.210,"total_contribution_count":106,"total_validation_count":270,"type":"text"},{"day":4,"month":8,"year":2021,"language":"Hindi","cumulative_contributions":0.092,"cumulative_validations":0.228,"total_contribution_count":109,"total_validation_count":285,"type":"text"},{"day":10,"month":8,"year":2021,"language":"Hindi","cumulative_contributions":0.100,"cumulative_validations":0.228,"total_contribution_count":119,"total_validation_count":285,"type":"text"},{"day":11,"month":8,"year":2021,"language":"Hindi","cumulative_contributions":0.102,"cumulative_validations":0.228,"total_contribution_count":121,"total_validation_count":285,"type":"text"},{"day":12,"month":8,"year":2021,"language":"Hindi","cumulative_contributions":0.105,"cumulative_validations":0.228,"total_contribution_count":124,"total_validation_count":285,"type":"text"},{"day":19,"month":8,"year":2021,"language":"Hindi","cumulative_contributions":0.108,"cumulative_validations":0.228,"total_contribution_count":125,"total_validation_count":285,"type":"text"},{"day":27,"month":8,"year":2021,"language":"Hindi","cumulative_contributions":0.110,"cumulative_validations":0.228,"total_contribution_count":126,"total_validation_count":285,"type":"text"},{"day":28,"month":6,"year":2021,"language":"Marathi","cumulative_contributions":0.002,"cumulative_validations":0.007,"total_contribution_count":2,"total_validation_count":6,"type":"text"},{"day":14,"month":7,"year":2021,"language":"Marathi","cumulative_contributions":0.005,"cumulative_validations":0.015,"total_contribution_count":7,"total_validation_count":20,"type":"text"},{"day":20,"month":7,"year":2021,"language":"Marathi","cumulative_contributions":0.007,"cumulative_validations":0.015,"total_contribution_count":9,"total_validation_count":20,"type":"text"},{"day":21,"month":7,"year":2021,"language":"Marathi","cumulative_contributions":0.010,"cumulative_validations":0.015,"total_contribution_count":14,"total_validation_count":20,"type":"text"},{"day":12,"month":8,"year":2021,"language":"Marathi","cumulative_contributions":0.012,"cumulative_validations":0.015,"total_contribution_count":16,"total_validation_count":20,"type":"text"},{"day":6,"month":9,"year":2021,"language":"Odia","cumulative_contributions":0.000,"cumulative_validations":0.000,"total_contribution_count":1,"total_validation_count":0,"type":"asr"},{"day":6,"month":9,"year":2021,"language":"testLang","cumulative_contributions":0.000,"cumulative_validations":0.000,"total_contribution_count":1,"total_validation_count":0,"type":"asr"},{"day":6,"month":9,"year":2021,"language":"testLang","cumulative_contributions":0.000,"cumulative_validations":0.000,"total_contribution_count":1,"total_validation_count":0,"type":"ocr"},{"day":6,"month":9,"year":2021,"language":"testLang","cumulative_contributions":0.000,"cumulative_validations":0.000,"total_contribution_count":1,"total_validation_count":0,"type":"text"},{"day":6,"month":9,"year":2021,"language":"testLang-testLang2","cumulative_contributions":0.000,"cumulative_validations":0.000,"total_contribution_count":1,"total_validation_count":0,"type":"parallel"}]
