[{"day":11,"month":8,"year":2021,"cumulative_contributions":0.000,"cumulative_validations":0.000,"total_contribution_count":2,"total_validation_count":6,"type":"asr"},{"day":6,"month":9,"year":2021,"cumulative_contributions":0.000,"cumulative_validations":0.000,"total_contribution_count":4,"total_validation_count":6,"type":"asr"},{"day":19,"month":7,"year":2021,"cumulative_contributions":null,"cumulative_validations":0.000,"total_contribution_count":0,"total_validation_count":306,"type":"ocr"},{"day":20,"month":7,"year":2021,"cumulative_contributions":0.000,"cumulative_validations":0.000,"total_contribution_count":2,"total_validation_count":306,"type":"ocr"},{"day":21,"month":7,"year":2021,"cumulative_contributions":0.000,"cumulative_validations":0.000,"total_contribution_count":7,"total_validation_count":306,"type":"ocr"},{"day":27,"month":7,"year":2021,"cumulative_contributions":0.000,"cumulative_validations":0.000,"total_contribution_count":17,"total_validation_count":306,"type":"ocr"},{"day":28,"month":7,"year":2021,"cumulative_contributions":0.000,"cumulative_validations":0.000,"total_contribution_count":37,"total_validation_count":306,"type":"ocr"},{"day":2,"month":8,"year":2021,"cumulative_contributions":0.000,"cumulative_validations":0.000,"total_contribution_count":42,"total_validation_count":306,"type":"ocr"},{"day":3,"month":8,"year":2021,"cumulative_contributions":0.000,"cumulative_validations":0.000,"total_contribution_count":43,"total_validation_count":306,"type":"ocr"},{"day":4,"month":8,"year":2021,"cumulative_contributions":0.000,"cumulative_validations":0.000,"total_contribution_count":44,"total_validation_count":306,"type":"ocr"},{"day":6,"month":8,"year":2021,"cumulative_contributions":0.000,"cumulative_validations":0.000,"total_contribution_count":47,"total_validation_count":306,"type":"ocr"},{"day":12,"month":8,"year":2021,"cumulative_contributions":0.000,"cumulative_validations":0.000,"total_contribution_count":49,"total_validation_count":306,"type":"ocr"},{"day":13,"month":8,"year":2021,"cumulative_contributions":0.000,"cumulative_validations":0.000,"total_contribution_count":53,"total_validation_count":306,"type":"ocr"},{"day":16,"month":8,"year":2021,"cumulative_contributions":0.000,"cumulative_validations":0.000,"total_contribution_count":61,"total_validation_count":306,"type":"ocr"},{"day":17,"month":8,"year":2021,"cumulative_contributions":0.000,"cumulative_validations":0.000,"total_contribution_count":71,"total_validation_count":306,"type":"ocr"},{"day":18,"month":8,"year":2021,"cumulative_contributions":0.000,"cumulative_validations":0.000,"total_contribution_count":72,"total_validation_count":306,"type":"ocr"},{"day":23,"month":8,"year":2021,"cumulative_contributions":0.000,"cumulative_validations":0.000,"total_contribution_count":73,"total_validation_count":306,"type":"ocr"},{"day":6,"month":9,"year":2021,"cumulative_contributions":0.000,"cumulative_validations":0.000,"total_contribution_count":86,"total_validation_count":306,"type":"ocr"},{"day":27,"month":7,"year":2021,"cumulative_contributions":0.000,"cumulative_validations":0.000,"total_contribution_count":9,"total_validation_count":25,"type":"parallel"},{"day":28,"month":7,"year":2021,"cumulative_contributions":0.000,"cumulative_validations":0.000,"total_contribution_count":12,"total_validation_count":34,"type":"parallel"},{"day":30,"month":7,"year":2021,"cumulative_contributions":0.000,"cumulative_validations":0.000,"total_contribution_count":16,"total_validation_count":39,"type":"parallel"},{"day":2,"month":8,"year":2021,"cumulative_contributions":0.000,"cumulative_validations":0.000,"total_contribution_count":18,"total_validation_count":41,"type":"parallel"},{"day":6,"month":9,"year":2021,"cumulative_contributions":0.000,"cumulative_validations":0.000,"total_contribution_count":19,"total_validation_count":41,"type":"parallel"},{"day":28,"month":6,"year":2021,"cumulative_contributions":0.002,"cumulative_validations":0.007,"total_contribution_count":2,"total_validation_count":6,"type":"text"},{"day":14,"month":7,"year":2021,"cumulative_contributions":0.005,"cumulative_validations":0.015,"total_contribution_count":7,"total_validation_count":20,"type":"text"},{"day":20,"month":7,"year":2021,"cumulative_contributions":0.007,"cumulative_validations":0.015,"total_contribution_count":9,"total_validation_count":20,"type":"text"},{"day":21,"month":7,"year":2021,"cumulative_contributions":0.010,"cumulative_validations":0.015,"total_contribution_count":14,"total_validation_count":20,"type":"text"},{"day":22,"month":7,"year":2021,"cumulative_contributions":0.026,"cumulative_validations":0.099,"total_contribution_count":36,"total_validation_count":132,"type":"text"},{"day":23,"month":7,"year":2021,"cumulative_contributions":0.037,"cumulative_validations":0.155,"total_contribution_count":51,"total_validation_count":207,"type":"text"},{"day":28,"month":7,"year":2021,"cumulative_contributions":0.059,"cumulative_validations":0.172,"total_contribution_count":64,"total_validation_count":210,"type":"text"},{"day":29,"month":7,"year":2021,"cumulative_contributions":0.071,"cumulative_validations":0.176,"total_contribution_count":80,"total_validation_count":216,"type":"text"},{"day":30,"month":7,"year":2021,"cumulative_contributions":0.075,"cumulative_validations":0.179,"total_contribution_count":85,"total_validation_count":219,"type":"text"},{"day":2,"month":8,"year":2021,"cumulative_contributions":0.098,"cumulative_validations":0.225,"total_contribution_count":120,"total_validation_count":290,"type":"text"},{"day":4,"month":8,"year":2021,"cumulative_contributions":0.102,"cumulative_validations":0.243,"total_contribution_count":123,"total_validation_count":305,"type":"text"},{"day":10,"month":8,"year":2021,"cumulative_contributions":0.110,"cumulative_validations":0.243,"total_contribution_count":133,"total_validation_count":305,"type":"text"},{"day":11,"month":8,"year":2021,"cumulative_contributions":0.112,"cumulative_validations":0.243,"total_contribution_count":135,"total_validation_count":305,"type":"text"},{"day":12,"month":8,"year":2021,"cumulative_contributions":0.117,"cumulative_validations":0.243,"total_contribution_count":140,"total_validation_count":305,"type":"text"},{"day":19,"month":8,"year":2021,"cumulative_contributions":0.120,"cumulative_validations":0.243,"total_contribution_count":141,"total_validation_count":305,"type":"text"},{"day":27,"month":8,"year":2021,"cumulative_contributions":0.122,"cumulative_validations":0.243,"total_contribution_count":142,"total_validation_count":305,"type":"text"},{"day":6,"month":9,"year":2021,"cumulative_contributions":0.122,"cumulative_validations":0.243,"total_contribution_count":143,"total_validation_count":305,"type":"text"}]
