[{"type":"asr","language":"Bengali","hastarget":true,"isallcontributed":true},{"type":"asr","language":"Tamil","hastarget":true,"isallcontributed":true},{"type":"asr","language":"Telugu","hastarget":true,"isallcontributed":true},{"type":"asr","language":"testLang","hastarget":true,"isallcontributed":true},{"type":"asr","language":"Kannada","hastarget":true,"isallcontributed":false},{"type":"asr","language":"Odia","hastarget":true,"isallcontributed":false},{"type":"ocr","language":"Telugu","hastarget":true,"isallcontributed":true},{"type":"ocr","language":"testLang","hastarget":true,"isallcontributed":true},{"type":"ocr","language":"Hindi","hastarget":true,"isallcontributed":false},{"type":"ocr","language":"Kannada","hastarget":true,"isallcontributed":false},{"type":"parallel","language":"English-Kannada","hastarget":true,"isallcontributed":true},{"type":"parallel","language":"English-Malayalam","hastarget":true,"isallcontributed":true},{"type":"parallel","language":"English-Marathi","hastarget":true,"isallcontributed":true},{"type":"parallel","language":"testLang-testLang2","hastarget":true,"isallcontributed":true},{"type":"parallel","language":"English-Odia","hastarget":true,"isallcontributed":false},{"type":"text","language":"testLang","hastarget":true,"isallcontributed":true},{"type":"text","language":"Hindi","hastarget":true,"isallcontributed":false},{"type":"text","language":"Marathi","hastarget":true,"isallcontributed":false},{"type":"parallel","language":"English-Assamese","hastarget":false,"isallcontributed":true},{"type":"parallel","language":"English-Bengali","hastarget":false,"isallcontributed":true},{"type":"parallel","language":"English-Gujarati","hastarget":false,"isallcontributed":true},{"type":"parallel","language":"English-Hindi","hastarget":false,"isallcontributed":true},{"type":"parallel","language":"English-Punjabi","hastarget":false,"isallcontributed":true}]
