[{"gender":"","contributions":1209,"hours_contributed":0.954,"hours_validated":0.207,"speakers":21},{"gender":"Transgender - She","contributions":213,"hours_contributed":0.142,"hours_validated":0.036,"speakers":1},{"gender":"male","contributions":13,"hours_contributed":0.030,"hours_validated":0.000,"speakers":6},{"gender":"female","contributions":5,"hours_contributed":0.005,"hours_validated":0.000,"speakers":1},{"gender":"ANONYMOUS","contributions":1,"hours_contributed":0.000,"hours_validated":0.000,"speakers":1}]
