[{"gender":"","contributions":1145,"hours_contributed":0.904,"hours_validated":0.192,"speakers":16,"language":"Hindi"},{"gender":"Transgender - She","contributions":213,"hours_contributed":0.142,"hours_validated":0.036,"speakers":1,"language":"Hindi"},{"gender":"","contributions":64,"hours_contributed":0.049,"hours_validated":0.015,"speakers":5,"language":"Marathi"},{"gender":"male","contributions":11,"hours_contributed":0.028,"hours_validated":0.000,"speakers":5,"language":"Hindi"},{"gender":"female","contributions":3,"hours_contributed":0.003,"hours_validated":0.000,"speakers":1,"language":"Hindi"},{"gender":"female","contributions":2,"hours_contributed":0.002,"hours_validated":0.000,"speakers":1,"language":"Marathi"},{"gender":"male","contributions":2,"hours_contributed":0.002,"hours_validated":0.000,"speakers":1,"language":"Marathi"},{"gender":"ANONYMOUS","contributions":1,"hours_contributed":0.000,"hours_validated":0.000,"speakers":1,"language":"testLang"}]
