[{"contribution_goal":5000,"validation_goal":5000,"type":"parallel","language":"Gujarati"},{"contribution_goal":5,"validation_goal":5,"type":"text","language":"Odia"},{"contribution_goal":5000,"validation_goal":5000,"type":"ocr","language":"Odia"},{"contribution_goal":5000,"validation_goal":5000,"type":"ocr","language":"Hindi"},{"contribution_goal":5,"validation_goal":5,"type":"text","language":"Punjabi"},{"contribution_goal":5,"validation_goal":5,"type":"text","language":"English"},{"contribution_goal":5000,"validation_goal":5000,"type":"ocr","language":"English"},{"contribution_goal":5,"validation_goal":5,"type":"text","language":"Tamil"},{"contribution_goal":5,"validation_goal":5,"type":"asr","language":"Tamil"},{"contribution_goal":5000,"validation_goal":5000,"type":"parallel","language":"Punjabi"},{"contribution_goal":5,"validation_goal":5,"type":"asr","language":"English"},{"contribution_goal":5000,"validation_goal":5000,"type":"parallel","language":"Malayalam"},{"contribution_goal":5000,"validation_goal":5000,"type":"ocr","language":"Bengali"},{"contribution_goal":5,"validation_goal":5,"type":"asr","language":"Telugu"},{"contribution_goal":5000,"validation_goal":5000,"type":"ocr","language":"Marathi"},{"contribution_goal":5,"validation_goal":5,"type":"asr","language":"Punjabi"},{"contribution_goal":5,"validation_goal":5,"type":"asr","language":"Odia"},{"contribution_goal":5000,"validation_goal":5000,"type":"parallel","language":"Tamil"},{"contribution_goal":5000,"validation_goal":5000,"type":"parallel","language":"Odia"},{"contribution_goal":5,"validation_goal":5,"type":"text","language":"Assamese"},{"contribution_goal":5,"validation_goal":5,"type":"asr","language":"Malayalam"},{"contribution_goal":5000,"validation_goal":5000,"type":"ocr","language":"Gujarati"},{"contribution_goal":5,"validation_goal":5,"type":"asr","language":"Kannada"},{"contribution_goal":5000,"validation_goal":5000,"type":"parallel","language":"Hindi"},{"contribution_goal":5,"validation_goal":5,"type":"text","language":"Gujarati"},{"contribution_goal":5000,"validation_goal":5000,"type":"ocr","language":"Tamil"},{"contribution_goal":5,"validation_goal":5,"type":"asr","language":"Assamese"},{"contribution_goal":5,"validation_goal":5,"type":"asr","language":"Gujarati"},{"contribution_goal":5,"validation_goal":5,"type":"text","language":"Malayalam"},{"contribution_goal":5000,"validation_goal":5000,"type":"parallel","language":"Assamese"},{"contribution_goal":5,"validation_goal":5,"type":"text","language":"Marathi"},{"contribution_goal":5,"validation_goal":5,"type":"text","language":"Hindi"},{"contribution_goal":5000,"validation_goal":5000,"type":"parallel","language":"Kannada"},{"contribution_goal":5000,"validation_goal":5000,"type":"parallel","language":"English"},{"contribution_goal":5000,"validation_goal":5000,"type":"ocr","language":"Kannada"},{"contribution_goal":5000,"validation_goal":5000,"type":"parallel","language":"Marathi"},{"contribution_goal":5000,"validation_goal":5000,"type":"ocr","language":"Telugu"},{"contribution_goal":5,"validation_goal":5,"type":"text","language":"Bengali"},{"contribution_goal":5,"validation_goal":5,"type":"asr","language":"Hindi"},{"contribution_goal":5,"validation_goal":5,"type":"text","language":"Telugu"},{"contribution_goal":5,"validation_goal":5,"type":"asr","language":"Marathi"},{"contribution_goal":5,"validation_goal":5,"type":"asr","language":"Bengali"},{"contribution_goal":5000,"validation_goal":5000,"type":"parallel","language":"Telugu"},{"contribution_goal":5000,"validation_goal":5000,"type":"parallel","language":"Bengali"},{"contribution_goal":5000,"validation_goal":5000,"type":"ocr","language":"Assamese"},{"contribution_goal":5000,"validation_goal":5000,"type":"ocr","language":"Malayalam"},{"contribution_goal":5000,"validation_goal":5000,"type":"ocr","language":"Punjabi"},{"contribution_goal":5,"validation_goal":5,"type":"text","language":"Kannada"}]
