[{"type":"asr","language":"Assamese"},{"type":"asr","language":"Bengali"},{"type":"asr","language":"English"},{"type":"asr","language":"Gujarati"},{"type":"asr","language":"Hindi"},{"type":"asr","language":"Kannada"},{"type":"asr","language":"Manipuri"},{"type":"asr","language":"Odia"},{"type":"asr","language":"Tamil"},{"type":"asr","language":"Telugu"},{"type":"asr","language":"testLang"},{"type":"ocr","language":"English"},{"type":"ocr","language":"Gujarati"},{"type":"ocr","language":"Hindi"},{"type":"ocr","language":"Kannada"},{"type":"ocr","language":"Odia"},{"type":"ocr","language":"Telugu"},{"type":"ocr","language":"testLang"},{"type":"parallel","language":"English"},{"type":"parallel","language":"Hindi"},{"type":"parallel","language":"Odia"},{"type":"parallel","language":"testLang"},{"type":"text","language":"Assamese"},{"type":"text","language":"Bengali"},{"type":"text","language":"English"},{"type":"text","language":"Gujarati"},{"type":"text","language":"Hindi"},{"type":"text","language":"Kannada"},{"type":"text","language":"Malayalam"},{"type":"text","language":"Marathi"},{"type":"text","language":"Odia"},{"type":"text","language":"Oriya"},{"type":"text","language":"Punjabi"},{"type":"text","language":"Tamil"},{"type":"text","language":"Telugu"},{"type":"text","language":"testLang"}]
