[{"language":"English","type":"asr"},{"language":"English-Bengali","type":"parallel"},{"language":"English-Kannada","type":"parallel"},{"language":"English-Gujarati","type":"parallel"},{"language":"English-Assamese","type":"parallel"},{"language":"Marathi","type":"text"},{"language":"English-Malayalam","type":"parallel"},{"language":"testLang","type":"asr"},{"language":"Hindi","type":"ocr"},{"language":"Hindi","type":"text"},{"language":"English-Hindi","type":"parallel"},{"language":"testLang","type":"ocr"},{"language":"English-Marathi","type":"parallel"},{"language":"English-Odia","type":"parallel"},{"language":"English-Punjabi","type":"parallel"},{"language":"testLang","type":"text"},{"language":"testLang-testLang2","type":"parallel"},{"language":"Odia","type":"asr"}]
