[{"year":2021,"month":8,"cumulative_contributions":0.000,"cumulative_validations":0.000,"total_contribution_count":2,"total_validation_count":6,"type":"asr"},{"year":2021,"month":9,"cumulative_contributions":0.000,"cumulative_validations":0.000,"total_contribution_count":4,"total_validation_count":6,"type":"asr"},{"year":2021,"month":7,"cumulative_contributions":0.000,"cumulative_validations":0.000,"total_contribution_count":37,"total_validation_count":306,"type":"ocr"},{"year":2021,"month":8,"cumulative_contributions":0.000,"cumulative_validations":0.000,"total_contribution_count":73,"total_validation_count":306,"type":"ocr"},{"year":2021,"month":9,"cumulative_contributions":0.000,"cumulative_validations":0.000,"total_contribution_count":86,"total_validation_count":306,"type":"ocr"},{"year":2021,"month":7,"cumulative_contributions":0.000,"cumulative_validations":0.000,"total_contribution_count":16,"total_validation_count":39,"type":"parallel"},{"year":2021,"month":8,"cumulative_contributions":0.000,"cumulative_validations":0.000,"total_contribution_count":18,"total_validation_count":41,"type":"parallel"},{"year":2021,"month":9,"cumulative_contributions":0.000,"cumulative_validations":0.000,"total_contribution_count":19,"total_validation_count":41,"type":"parallel"},{"year":2021,"month":6,"cumulative_contributions":0.002,"cumulative_validations":0.007,"total_contribution_count":2,"total_validation_count":6,"type":"text"},{"year":2021,"month":7,"cumulative_contributions":0.075,"cumulative_validations":0.179,"total_contribution_count":85,"total_validation_count":219,"type":"text"},{"year":2021,"month":8,"cumulative_contributions":0.122,"cumulative_validations":0.243,"total_contribution_count":142,"total_validation_count":305,"type":"text"},{"year":2021,"month":9,"cumulative_contributions":0.122,"cumulative_validations":0.243,"total_contribution_count":143,"total_validation_count":305,"type":"text"}]
