[{"year":2021,"month":8,"language":"English","cumulative_contributions":0.000,"cumulative_validations":0.000,"total_contribution_count":2,"total_validation_count":6,"type":"asr"},{"year":2021,"month":7,"language":"English-Assamese","cumulative_contributions":0.000,"cumulative_validations":0.000,"total_contribution_count":3,"total_validation_count":9,"type":"parallel"},{"year":2021,"month":7,"language":"English-Bengali","cumulative_contributions":0.000,"cumulative_validations":0.000,"total_contribution_count":2,"total_validation_count":6,"type":"parallel"},{"year":2021,"month":7,"language":"English-Gujarati","cumulative_contributions":0.000,"cumulative_validations":0.000,"total_contribution_count":2,"total_validation_count":6,"type":"parallel"},{"year":2021,"month":7,"language":"English-Hindi","cumulative_contributions":0.000,"cumulative_validations":0.000,"total_contribution_count":2,"total_validation_count":6,"type":"parallel"},{"year":2021,"month":7,"language":"English-Kannada","cumulative_contributions":0.000,"cumulative_validations":0.000,"total_contribution_count":2,"total_validation_count":3,"type":"parallel"},{"year":2021,"month":7,"language":"English-Malayalam","cumulative_contributions":0.000,"cumulative_validations":0.000,"total_contribution_count":2,"total_validation_count":2,"type":"parallel"},{"year":2021,"month":8,"language":"English-Marathi","cumulative_contributions":0.000,"cumulative_validations":0.000,"total_contribution_count":2,"total_validation_count":2,"type":"parallel"},{"year":2021,"month":7,"language":"English-Odia","cumulative_contributions":0.000,"cumulative_validations":0.000,"total_contribution_count":1,"total_validation_count":1,"type":"parallel"},{"year":2021,"month":7,"language":"English-Punjabi","cumulative_contributions":0.000,"cumulative_validations":0.000,"total_contribution_count":2,"total_validation_count":6,"type":"parallel"},{"year":2021,"month":7,"language":"Hindi","cumulative_contributions":0.000,"cumulative_validations":0.000,"total_contribution_count":37,"total_validation_count":306,"type":"ocr"},{"year":2021,"month":8,"language":"Hindi","cumulative_contributions":0.000,"cumulative_validations":0.000,"total_contribution_count":73,"total_validation_count":306,"type":"ocr"},{"year":2021,"month":9,"language":"Hindi","cumulative_contributions":0.000,"cumulative_validations":0.000,"total_contribution_count":85,"total_validation_count":306,"type":"ocr"},{"year":2021,"month":7,"language":"Hindi","cumulative_contributions":0.065,"cumulative_validations":0.163,"total_contribution_count":71,"total_validation_count":199,"type":"text"},{"year":2021,"month":8,"language":"Hindi","cumulative_contributions":0.110,"cumulative_validations":0.228,"total_contribution_count":126,"total_validation_count":285,"type":"text"},{"year":2021,"month":6,"language":"Marathi","cumulative_contributions":0.002,"cumulative_validations":0.007,"total_contribution_count":2,"total_validation_count":6,"type":"text"},{"year":2021,"month":7,"language":"Marathi","cumulative_contributions":0.010,"cumulative_validations":0.015,"total_contribution_count":14,"total_validation_count":20,"type":"text"},{"year":2021,"month":8,"language":"Marathi","cumulative_contributions":0.012,"cumulative_validations":0.015,"total_contribution_count":16,"total_validation_count":20,"type":"text"},{"year":2021,"month":9,"language":"Odia","cumulative_contributions":0.000,"cumulative_validations":0.000,"total_contribution_count":1,"total_validation_count":0,"type":"asr"},{"year":2021,"month":9,"language":"testLang","cumulative_contributions":0.000,"cumulative_validations":0.000,"total_contribution_count":1,"total_validation_count":0,"type":"asr"},{"year":2021,"month":9,"language":"testLang","cumulative_contributions":0.000,"cumulative_validations":0.000,"total_contribution_count":1,"total_validation_count":0,"type":"ocr"},{"year":2021,"month":9,"language":"testLang","cumulative_contributions":0.000,"cumulative_validations":0.000,"total_contribution_count":1,"total_validation_count":0,"type":"text"},{"year":2021,"month":9,"language":"testLang-testLang2","cumulative_contributions":0.000,"cumulative_validations":0.000,"total_contribution_count":1,"total_validation_count":0,"type":"parallel"}]
