[{"year":2021,"quarter":3,"cumulative_contributions":0.000,"cumulative_validations":0.000,"total_contribution_count":4,"total_validation_count":6,"type":"asr"},{"year":2021,"quarter":3,"cumulative_contributions":0.000,"cumulative_validations":0.000,"total_contribution_count":86,"total_validation_count":306,"type":"ocr"},{"year":2021,"quarter":3,"cumulative_contributions":0.000,"cumulative_validations":0.000,"total_contribution_count":19,"total_validation_count":41,"type":"parallel"},{"year":2021,"quarter":2,"cumulative_contributions":0.002,"cumulative_validations":0.007,"total_contribution_count":2,"total_validation_count":6,"type":"text"},{"year":2021,"quarter":3,"cumulative_contributions":0.122,"cumulative_validations":0.243,"total_contribution_count":143,"total_validation_count":305,"type":"text"}]
