[{"language":"English","total_speakers":8,"type":"asr"},{"language":"testLang","total_speakers":1,"type":"asr"},{"language":"Odia","total_speakers":1,"type":"asr"},{"language":"Hindi","total_speakers":51,"type":"ocr"},{"language":"testLang","total_speakers":1,"type":"ocr"},{"language":"English-Assamese","total_speakers":12,"type":"parallel"},{"language":"English-Punjabi","total_speakers":5,"type":"parallel"},{"language":"English-Gujarati","total_speakers":5,"type":"parallel"},{"language":"English-Bengali","total_speakers":4,"type":"parallel"},{"language":"English-Hindi","total_speakers":4,"type":"parallel"},{"language":"Hindi","total_speakers":277,"type":"text"},{"language":"Marathi","total_speakers":17,"type":"text"},{"language":"testLang","total_speakers":1,"type":"text"}]
