[{"language":"English","total_contributions":0.000,"total_contribution_count":8,"type":"asr"},{"language":"Odia","total_contributions":0.000,"total_contribution_count":1,"type":"asr"},{"language":"testLang","total_contributions":0.000,"total_contribution_count":1,"type":"asr"},{"language":"Hindi","total_contributions":0.000,"total_contribution_count":391,"type":"ocr"},{"language":"testLang","total_contributions":0.000,"total_contribution_count":1,"type":"ocr"},{"language":"English-Kannada","total_contributions":0.000,"total_contribution_count":5,"type":"parallel"},{"language":"English-Malayalam","total_contributions":0.000,"total_contribution_count":4,"type":"parallel"},{"language":"English-Marathi","total_contributions":0.000,"total_contribution_count":4,"type":"parallel"},{"language":"English-Odia","total_contributions":0.000,"total_contribution_count":2,"type":"parallel"},{"language":"English-Punjabi","total_contributions":0.000,"total_contribution_count":8,"type":"parallel"},{"language":"Hindi","total_contributions":0.338,"total_contribution_count":411,"type":"text"},{"language":"Marathi","total_contributions":0.027,"total_contribution_count":36,"type":"text"},{"language":"testLang","total_contributions":0.000,"total_contribution_count":1,"type":"text"}]
