[{"year":2021,"week":32,"cumulative_contributions":0.000,"cumulative_validations":0.000,"total_contribution_count":2,"total_validation_count":6,"type":"asr"},{"year":2021,"week":36,"cumulative_contributions":0.000,"cumulative_validations":0.000,"total_contribution_count":4,"total_validation_count":6,"type":"asr"},{"year":2021,"week":29,"cumulative_contributions":0.000,"cumulative_validations":0.000,"total_contribution_count":7,"total_validation_count":306,"type":"ocr"},{"year":2021,"week":30,"cumulative_contributions":0.000,"cumulative_validations":0.000,"total_contribution_count":37,"total_validation_count":306,"type":"ocr"},{"year":2021,"week":31,"cumulative_contributions":0.000,"cumulative_validations":0.000,"total_contribution_count":47,"total_validation_count":306,"type":"ocr"},{"year":2021,"week":32,"cumulative_contributions":0.000,"cumulative_validations":0.000,"total_contribution_count":53,"total_validation_count":306,"type":"ocr"},{"year":2021,"week":33,"cumulative_contributions":0.000,"cumulative_validations":0.000,"total_contribution_count":72,"total_validation_count":306,"type":"ocr"},{"year":2021,"week":34,"cumulative_contributions":0.000,"cumulative_validations":0.000,"total_contribution_count":73,"total_validation_count":306,"type":"ocr"},{"year":2021,"week":36,"cumulative_contributions":0.000,"cumulative_validations":0.000,"total_contribution_count":86,"total_validation_count":306,"type":"ocr"},{"year":2021,"week":30,"cumulative_contributions":0.000,"cumulative_validations":0.000,"total_contribution_count":16,"total_validation_count":39,"type":"parallel"},{"year":2021,"week":31,"cumulative_contributions":0.000,"cumulative_validations":0.000,"total_contribution_count":18,"total_validation_count":41,"type":"parallel"},{"year":2021,"week":36,"cumulative_contributions":0.000,"cumulative_validations":0.000,"total_contribution_count":19,"total_validation_count":41,"type":"parallel"},{"year":2021,"week":26,"cumulative_contributions":0.002,"cumulative_validations":0.007,"total_contribution_count":2,"total_validation_count":6,"type":"text"},{"year":2021,"week":28,"cumulative_contributions":0.005,"cumulative_validations":0.015,"total_contribution_count":7,"total_validation_count":20,"type":"text"},{"year":2021,"week":29,"cumulative_contributions":0.037,"cumulative_validations":0.155,"total_contribution_count":51,"total_validation_count":207,"type":"text"},{"year":2021,"week":30,"cumulative_contributions":0.075,"cumulative_validations":0.179,"total_contribution_count":85,"total_validation_count":219,"type":"text"},{"year":2021,"week":31,"cumulative_contributions":0.102,"cumulative_validations":0.243,"total_contribution_count":123,"total_validation_count":305,"type":"text"},{"year":2021,"week":32,"cumulative_contributions":0.117,"cumulative_validations":0.243,"total_contribution_count":140,"total_validation_count":305,"type":"text"},{"year":2021,"week":33,"cumulative_contributions":0.120,"cumulative_validations":0.243,"total_contribution_count":141,"total_validation_count":305,"type":"text"},{"year":2021,"week":34,"cumulative_contributions":0.122,"cumulative_validations":0.243,"total_contribution_count":142,"total_validation_count":305,"type":"text"},{"year":2021,"week":36,"cumulative_contributions":0.122,"cumulative_validations":0.243,"total_contribution_count":143,"total_validation_count":305,"type":"text"}]
